{"cameraMode":{"drawMode":0,"name":"Shaded","section":"Shading Mode"},"sceneLighting":true,"audioPlay":false,"sceneViewState":{"m_AlwaysRefresh":false,"showFog":true,"showSkybox":true,"showFlares":true,"showImageEffects":true,"showParticleSystems":true,"showVisualEffectGraphs":true,"m_FxEnabled":true},"in2DMode":false,"pivot":{"x":11.803014755249024,"y":30.76637840270996,"z":-7.407295227050781},"rotation":{"x":0.20266041159629823,"y":-0.32893839478492739,"z":0.07242432981729508,"w":0.9195610880851746},"size":56.72053909301758,"orthographic":false}