{"cameraMode":{"drawMode":0,"name":"Shaded","section":"Shading Mode"},"sceneLighting":true,"audioPlay":false,"sceneViewState":{"m_AlwaysRefresh":false,"showFog":true,"showSkybox":true,"showFlares":true,"showImageEffects":true,"showParticleSystems":true,"showVisualEffectGraphs":true,"m_FxEnabled":true},"in2DMode":false,"pivot":{"x":-6.43549919128418,"y":19.977489471435548,"z":6.343207359313965},"rotation":{"x":-0.0017959182150661946,"y":0.9970964789390564,"z":-0.07281304150819779,"w":-0.023632338270545007},"size":7.774014472961426,"orthographic":false}