{"cameraMode":{"drawMode":0,"name":"Shaded","section":"Shading Mode"},"sceneLighting":true,"audioPlay":false,"sceneViewState":{"m_AlwaysRefresh":false,"showFog":true,"showSkybox":true,"showFlares":true,"showImageEffects":true,"showParticleSystems":true,"showVisualEffectGraphs":true,"m_FxEnabled":true},"in2DMode":false,"pivot":{"x":3.6877670288085939,"y":15.192666053771973,"z":8.142671585083008},"rotation":{"x":-0.05240458622574806,"y":0.9471936821937561,"z":-0.20844101905822755,"w":-0.23812319338321687},"size":14.281530380249024,"orthographic":false}