{"cameraMode":{"drawMode":0,"name":"Shaded","section":"Shading Mode"},"sceneLighting":true,"audioPlay":false,"sceneViewState":{"m_AlwaysRefresh":false,"showFog":true,"showSkybox":true,"showFlares":true,"showImageEffects":true,"showParticleSystems":true,"showVisualEffectGraphs":true,"m_FxEnabled":true},"in2DMode":false,"pivot":{"x":-7.057980537414551,"y":16.171573638916017,"z":7.513151168823242},"rotation":{"x":0.16352048516273499,"y":0.04140063002705574,"z":-0.006920943967998028,"w":0.9857034683227539},"size":7.725783348083496,"orthographic":false}