{"cameraMode":{"drawMode":0,"name":"Shaded","section":"Shading Mode"},"sceneLighting":true,"audioPlay":false,"sceneViewState":{"m_AlwaysRefresh":false,"showFog":true,"showSkybox":true,"showFlares":true,"showImageEffects":true,"showParticleSystems":true,"showVisualEffectGraphs":true,"m_FxEnabled":true},"in2DMode":false,"pivot":{"x":-6.368631362915039,"y":19.076061248779298,"z":7.468033790588379},"rotation":{"x":-0.015013016760349274,"y":0.9802110195159912,"z":-0.08193757385015488,"w":-0.17958757281303407},"size":21.402664184570314,"orthographic":false}