{"cameraMode":{"drawMode":0,"name":"Shaded","section":"Shading Mode"},"sceneLighting":true,"audioPlay":false,"sceneViewState":{"m_AlwaysRefresh":false,"showFog":true,"showSkybox":true,"showFlares":true,"showImageEffects":true,"showParticleSystems":true,"showVisualEffectGraphs":true,"m_FxEnabled":true},"in2DMode":false,"pivot":{"x":-0.42638540267944338,"y":72.61270904541016,"z":15.295173645019532},"rotation":{"x":0.020489998161792756,"y":0.9750245213508606,"z":-0.19652687013149262,"w":0.10156557708978653},"size":12.167947769165039,"orthographic":false}