{"cameraMode":{"drawMode":0,"name":"Shaded","section":"Shading Mode"},"sceneLighting":false,"audioPlay":false,"sceneViewState":{"m_AlwaysRefresh":false,"showFog":true,"showSkybox":false,"showFlares":true,"showImageEffects":true,"showParticleSystems":true,"showVisualEffectGraphs":true,"m_FxEnabled":true},"in2DMode":false,"pivot":{"x":3.1855950355529787,"y":17.366392135620118,"z":7.878396034240723},"rotation":{"x":-0.004821191541850567,"y":0.9836568832397461,"z":-0.17838147282600404,"w":-0.026248840615153314},"size":10.500384330749512,"orthographic":false}